{
    "freshdeskDomain": {
      "display_name": "Freshdesk Domain",
      "description": "Please enter your Freshdesk domain web address",
      "type": "url",
      "required": true
    },
    "freshdeskApikey": {
      "display_name": "Freshdesk API Key",
      "description": "Please enter your Freshdesk Api Key",
      "type": "text",
      "required": true,
      "secure": true,
      "regex": {
        "regex1": "^\\w+(\\s\\w+)*$",
        "regex1-error": "Please enter Valid FreshDesk Api Key"
      }
    },
     "exotelDomain": {
      "display_name": "Region of Exotel Account",
      "description": "Please enter your exotel Domain",
      "type": "dropdown",
      "options": [
        "Singapore",
        "Mumbai"
      ],
      "default_value": "Singapore",
      "required": true
    },
  
     "exotelSid": {
      "display_name": "Exotel SID",
      "description": "Please enter your exotel Sid",
      "type": "text",
      "required": true,
      "regex": {
        "regex1": "^\\w+(\\s\\w+)*$",
        "regex1-error": "Please enter Valid exotel Sid"
      }
    },
  
    "exotelApikey": {
      "display_name": "Exotel API Key",
      "description": "Please enter your exotel Api Key",
      "type": "text",
      "required": true,
      "secure": true,
      "regex": {
        "regex1": "^\\w+(\\s\\w+)*$",
        "regex1-error": "Please enter Valid exotel Api Key"
      }
    },
    "exotelApiToken": {
      "display_name": "Exotel API Token",
      "description": "Please enter your exotel Api Token",
      "type": "text",
      "required": true,
      "secure": true,
      "regex": {
        "regex1": "^\\w+(\\s\\w+)*$",
        "regex1-error": "Please enter Valid exotel Api Token"
      }
    },
  
    "showRoles": {
      "display_name": "Click to get agent roles",
      "description": "Please check to get agent roles",
      "type": "checkbox",
      "default_value": false,
      "events": [
        {"change": "getRoles"}
      ]
    },
    "roles": {
      "display_name": "Freshdesk Agent Roles",
      "description": "Please select roles",
      "type": "multiselect",
      "required": true,
      "options": [
        
      ],
      "default_value": []
    },
    "endpoint_url" : {
      "display_name": "EndPoint URL",
      "description": "Please enter endpoint url (get it from dev)",
      "type": "url",
      "required": true 
    }
  }